Source Title,Authors,Year,Journal/Publisher,DOI/URL,Database/Source,Citations,Search Keywords
-,,,,,IEEE,,CBF gain parameter tuning
-,,,,,IEEE,,CBF gain parameter tuning
-,,,,,IEEE,,CBF gain parameter tuning
-,,,,,IEEE,,CBF gain parameter tuning
-,,,,,IEEE,,CBF gain parameter tuning
-,,,,,IEEE,,CBF gain parameter tuning
-,,,,,IEEE,,CBF gain parameter tuning
-,,,,,IEEE,,CBF gain parameter tuning
-,,,,,IEEE,,LQR CBF RRT-star vehicles
-,,,,,IEEE,,LQR CBF RRT-star vehicles
-,,,,,IEEE,,LQR CBF RRT-star vehicles
-,,,,,IEEE,,LQR CBF RRT-star vehicles
-,,,,,IEEE,,LQR CBF RRT-star vehicles
-,,,,,IEEE,,LQR CBF RRT-star vehicles
-,,,,,IEEE,,LQR CBF RRT-star vehicles
-,,,,,IEEE,,LQR CBF RRT-star vehicles
-,,,,,IEEE,,LQR CBF RRT-star vehicles
-,,,,,IEEE,,LQR CBF RRT-star vehicles
-,,,,,springer,,LQR CBF RRT-star vehicles
-,,,,,springer,,LQR CBF RRT-star vehicles
-,,,,,springer,,LQR CBF RRT-star vehicles
-,,,,,springer,,LQR CBF RRT-star vehicles
-,,,,,springer,,LQR CBF RRT-star vehicles
-,,,,,springer,,LQR CBF RRT-star vehicles
-,,,,,springer,,LQR CBF RRT-star vehicles
-,,,,,springer,,LQR CBF RRT-star vehicles
-,,,,,springer,,LQR CBF RRT-star vehicles
-,,,,,springer,,LQR CBF RRT-star vehicles
-,,,,,google scholar,,LQR CBF RRT-star vehicles
-,,,,,google scholar,,LQR CBF RRT-star vehicles
-,,,,,google scholar,,LQR CBF RRT-star vehicles
-,,,,,google scholar,,LQR CBF RRT-star vehicles
-,,,,,google scholar,,LQR CBF RRT-star vehicles
-,,,,,google scholar,,LQR CBF RRT-star vehicles
-,,,,,google scholar,,LQR CBF RRT-star vehicles
-,,,,,google scholar,,LQR CBF RRT-star vehicles
-,,,,,IEEE,,safe LQR RRT planning
-,,,,,IEEE,,safe LQR RRT planning
-,,,,,IEEE,,safe LQR RRT planning
-,,,,,IEEE,,safe LQR RRT planning
-,,,,,IEEE,,safe LQR RRT planning
-,,,,,IEEE,,safe LQR RRT planning
-,,,,,IEEE,,safe LQR RRT planning
-,,,,,IEEE,,safe LQR RRT planning
-,,,,,IEEE,,safe LQR RRT planning
-,,,,,IEEE,,time varying CBF planning
A cascaded dynamic obstacle avoidance strategy for cable-driven continuum robots based on kinematics and dynamics,Yanan Qin & Qi Chen,2025,Nonlinear Dynamics,https://link.springer.com/article/10.1007/s11071-024-10858-7,springer,0,dynamic obstacle avoidance vehicles
A Comparative Study of Rapidly-exploring Random Tree Algorithms Applied to Ship Trajectory Planning and Behavior Generation,"Tengesdal, T., Pedersen, T.A. & Johansen, T.A.",2025,"J Intell Robot Syst 111, 14",https://link.springer.com/article/10.1007/s10846-025-02222-7,springer,2,safe LQR RRT planning
A comparative study on trajectory tracking control methods for automated vehicles,"Zeng, D., Pan, S., Yu, Y. et al.",2025,"Sci Rep 15, 17073",https://link.springer.com/article/10.1038/s41598-025-01365-9,springer,0,safe LQR steering vehicles
A Composite Control Framework of Safety Satisfaction and Uncertainties Compensation for Constrained Time-Varying Nonlinear MIMO Systems,Haijing Wang; Jinzhu Peng; Fangfang Zhang; Yaonan Wang,2023,"IEEE Transactions on Systems, Man, and Cybernetics: Systems ( Volume: 53, Issue: 12, December 2023) ",https://ieeexplore.ieee.org/abstract/document/10226283,google scholar,9,time varying CBF planning
A Comprehensive Review of Recent Advances in Automated Guided Vehicle Technologies: Dynamic Obstacle Avoidance in Complex Environment Toward Autonomous Capability,Muhammad Aizat; Nurakasyah Qistina; Wan Rahiman,2023,IEEE Transactions on Instrumentation and Measurement ( Volume: 73),https://ieeexplore.ieee.org/abstract/document/10339361,google scholar,17,dynamic obstacle avoidance vehicles
"A comprehensive survey of past challenges, present approaches, and future research trends and scope: Alzheimer’s disease detection using MRI images","Salunkhe, S.P., Suryawanshi, N.A.",2025,Res. Biomed. Eng. 41,https://link.springer.com/article/10.1007/s42600-024-00394-z,springer,0,CBF gain parameter tuning
A control allocation strategy of multi-axle unmanned distributed drive vehicle,Tian Luo; Bo Su; Naisi Zhang; Senqi Tan,2021,2021 2nd International Conference on Artificial Intelligence and Computer Engineering (ICAICE),https://ieeexplore.ieee.org/document/9797650,IEEE,1,safe LQR steering vehicles
A Formal Control Framework of Autonomous Vehicle for Signal Temporal Logic Tasks and Obstacle Avoidance,Zhiyuan Huang; Weiyao Lan; Xiao Yu,2024,"IEEE Transactions on Intelligent Vehicles ( Volume: 9, Issue: 1, January 2024) ",https://ieeexplore.ieee.org/document/10144389,IEEE,11,time varying CBF planning
A new autonomous symbolic-based intelligent embedded feedback controller for cyber-physical parameter-varying systems,"Aziz, N.A., Al-Awamry, A., Lashin, M. et al.",2025," J. Eng. Appl. Sci. 72, 98",https://link.springer.com/article/10.1186/s44147-025-00659-z,springer,0,CBF QP autonomous driving
A Novel Online Safe Reinforcement Learning with Control Barrier Function Technique for Autonomous vehicles,Fatemeh Jabbari; Reza Samsami; Mohammad Mehdi Arefi,2024,"2024 10th International Conference on Control, Instrumentation and Automation (ICCIA)",https://ieeexplore.ieee.org/document/10768178,IEEE,0,control barrier function autonomous
A novel RRT*-based algorithm for motion planning in Dynamic environments,Olzhas Adiyatov; Huseyin Atakan Varol,2017,2017 IEEE International Conference on Mechatronics and Automation (ICMA),https://ieeexplore.ieee.org/abstract/document/8016024,google scholar,142,RRT replanning moving obstacles
A novel task-space based motion planning method for redundant manipulators with trap detection,"Qian, C., Zhang, B., Jiang, X. et al.",2025,"J Mech Sci Technol 39, 877–890",https://link.springer.com/article/10.1007/s12206-025-0130-8,springer,0,probabilistic safe motion planning
A Path Planning Method for Unmanned Surface Vessels in Dynamic Environment,"Yu, J., Chen, Z., Zhao, Z. et al.",2024,"Int. J. Control Autom. Syst. 22, 1324–1336",https://link.springer.com/article/10.1007/s12555-022-1172-7,springer,4,RRT replanning moving obstacles
A probabilistic optimization approach for motion planning of autonomous vehicles,"Junsoo Kim, Kichun Jo, and Myoungho Sunwoo ",2017,"Proceedings of the Institution of Mechanical Engineers, Part D: Journal of Automobile Engineering",https://doi.org/10.1177/0954407017704782,google scholar,22,probabilistic safe motion planning
A Real-time Fuzzy Interacting Multiple-Model Velocity Obstacle Avoidance Approach for Unmanned Aerial Vehicles,"Fethi Candan, Aykut Beke, Mahdi Mahfouf & Lyudmila Mihaylova ",2024,Journal of Intelligent & Robotic Systems,https://link.springer.com/article/10.1007/s10846-024-02075-6,springer,1,dynamic obstacle avoidance vehicles
A review of motion planning for redundant space manipulators,"Zhang, Z., Liu, X., Ning, M. et al.",2025,"Sci. China Technol. Sci. 68, 1310401",https://link.springer.com/article/10.1007/s11431-024-2841-y,springer,0,probabilistic safe motion planning
A review of rule-based collision avoidance technology for autonomous UAV,"Hu, J., Wang, T., Zhang, H. et al.",2023," Sci. China Technol. Sci. 66, 2481–2499",https://link.springer.com/article/10.1007/s11431-022-2264-5,springer,10,kinodynamic RRT autonomous vehicles
A review of the literature on fuzzy-logic approaches for collision-free path planning of manipulator robots,"Hentout, A., Maoudj, A. & Aouache, M.",2023,"Artif Intell Rev 56, 3369–3444",https://link.springer.com/article/10.1007/s10462-022-10257-7,springer,54,safe LQR RRT planning
A robust and optimal LQR controller design for Electric Power Steering system,Cristian Chitu; Jochen Lackner; Martin Horn; Helmut Waser; Markus Kohlböck,2011,Proceedings of the Joint INDS'11 & ISTET'11,https://ieeexplore.ieee.org/abstract/document/6024779,google scholar,24,safe LQR steering vehicles
A Rule-Defined Adaptive MPC Based Motion Planner for Autonomous Driving Applications,"Sathyamangalam Imran, M.I.I., Awasthi, S.S., Khayyat, M., Arrigoni, S., Braghin, F.",2024,16th International Symposium on Advanced Vehicle Control.,https://link.springer.com/chapter/10.1007/978-3-031-70392-8_77,springer,1,CBF QP autonomous driving
A Rule-Defined Adaptive MPC Based Motion Planner for Autonomous Driving Applications,"Sathyamangalam Imran, M.I.I., Awasthi, S.S., Khayyat, M., Arrigoni, S., Braghin, F.",2024,16th International Symposium on Advanced Vehicle Control. AVEC 2024. Lecture Notes in Mechanical Engineering.,https://link.springer.com/chapter/10.1007/978-3-031-70392-8_77,springer,1,time varying CBF planning
A TD-RRT* Based Real-Time Path Planning of a Nonholonomic Mobile Robot and Path Smoothening Technique Using Catmull-Rom Interpolation,Jyotish; Mei-Yung Chen,2022,2022 International Conference on System Science and Engineering (ICSSE),https://ieeexplore.ieee.org/document/9948258,IEEE,2,RRT replanning moving obstacles
A two-level dynamic obstacle avoidance algorithm for unmanned surface vehicles,"A. Lifei Song, B. Yiran Su, C. Zaopeng Dong, D. Wei Shen, E. Zuquan Xiang, F. Puxiu Mao",2018,Ocean Engineering Volume 170,https://doi.org/10.1016/j.oceaneng.2018.10.008,google scholar,94,dynamic obstacle avoidance vehicles
A wearable obstacle avoidance device for visually impaired individuals with cross-modal learning,"Yun Gao, Dan Wu, Jie Song, Xueyi Zhang, Bangbang Hou, Hengfa Liu, Junqi Liao & Liang Zhou",2025,"Nat Commun 16, 2857",https://link.springer.com/article/10.1038/s41467-025-58085-x,springer,1,dynamic obstacle avoidance vehicles
"Active front-steering control of a sport utility vehicle using a robust linear quadratic regulator method, with emphasis on the roll dynamics","Naser Elmi, Abdolreza Ohadi, and Behzad Samadi",2013,"Proceedings of the Institution of Mechanical Engineers, Part D: Journal of Automobile Engineering",https://doi.org/10.1177/0954407013502319,google scholar,30,safe LQR steering vehicles
Active LQR Multi-Axle-Steering Method for Improving Maneuverability and Stability of Multi-Trailer Articulated Heavy Vehicles,"Zhao Wen Deng, Qi Xian Zhao, You Qun Zhao, Bao Hua Wang, Wei Gao & Xin Xin Kong ",2022,International Journal of Automotive Technology,https://link.springer.com/article/10.1007/s12239-022-0082-2,google scholar,19,safe LQR steering vehicles
Active steering control based on preview theory for articulated heavy vehicles,"Jie Tian, Qingkang Zeng, Peng Wang, Xiaoqing Wang",2021,PLoS ONE 16(5): e0252098,https://doi.org/10.1371/journal.pone.0252098,google scholar,30,safe LQR steering vehicles
AD*-Based Dynamically Feasible Replanning Technique for Anguilliform-Inspired Robot,"Ojha, P., Thakur, A.",2023,"J Intell Robot Syst 108, 53",https://link.springer.com/article/10.1007/s10846-023-01902-6,springer,0,RRT replanning moving obstacles
"Adaptive Cruise Control Euro NCAP validation
using CLF-CBF and Model-Free control law in
CarSim","Preto, Fernando Z., Mateus M. Brugnolli, and Bruno A. Angélico.",,,https://www.sba.org.br/cba2024/papers/paper_9935.pdf,google scholar,0,CBF gain parameter tuning
Adaptive Goal-Biased Bi-RRT for Online Path Planning of Robotic Manipulators,"Fu, L., Lin, X., Lou, Y.",2023,Intelligent Robotics and Applications. ICIRA 2023. Lecture Notes in Computer Science(),https://link.springer.com/chapter/10.1007/978-981-99-6483-3_5,springer,2,RRT replanning moving obstacles
Advances in the Theory of Control Barrier Functions: Addressing practical challenges in safe control synthesis for autonomous and robotic systems,"Kunal Garg, James Usevitch, Joseph Breeden, Mitchell Black, Devansh Agrawal, Hardik Parwana, Dimitra Panagou,",2024,Annual Reviews in Control,https://doi.org/10.1016/j.arcontrol.2024.100945,google scholar,35,control barrier function autonomous
"An academic recommender system on large citation data based on clustering, graph modeling and deep learning","Stergiopoulos, V., Vassilakopoulos, M., Tousidou, E. et al.",2024," Knowl Inf Syst 66, 4463–4496",https://link.springer.com/article/10.1007/s10115-024-02094-7,springer,4,CBF gain parameter tuning
An Improved Artificial Potential Field Method for Dynamic Obstacle Avoidance Control of Unmanned Aerial Vehicle with Motor Fault,Zhi-Jie Wu; Li-Ying Hao; Yibo Zhao,2024,2024 14th Asian Control Conference (ASCC),https://ieeexplore.ieee.org/document/10665592,IEEE,1,dynamic obstacle avoidance vehicles
An improved Rapidly-exploring Random Tree Approach for Robotic Dynamic Path Planning,Kun Wei; Yaojun Chu; Haiyun Gan,2021,2021 11th International Conference on Intelligent Control and Information Processing (ICICIP),https://ieeexplore.ieee.org/document/9642182,IEEE,0,probabilistic safe motion planning
An improved Rapidly-exploring Random Tree Approach for Robotic Dynamic Path Planning,Kun Wei; Yaojun Chu; Haiyun Gan,2021,2021 11th International Conference on Intelligent Control and Information Processing (ICICIP),https://ieeexplore.ieee.org/document/9642182,IEEE,0,RRT replanning moving obstacles
An Improved RRT* Path Planning Algorithm in Dynamic Environment,"Li, J., Wang, K., Chen, Z., Wang, J.",2022,"Communications in Computer and Information Science, vol 1713.",https://link.springer.com/chapter/10.1007/978-981-19-9195-0_25,springer,4,RRT replanning moving obstacles
An insect vision-inspired neuromorphic vision systems in low-light obstacle avoidance for intelligent vehicles,"Wang, H., Wang, S. & Qian, L",2024,Machine Vision and Applications,https://link.springer.com/article/10.1007/s00138-024-01582-8,springer,1,dynamic obstacle avoidance vehicles
An Obstacle Avoidance Algorithm for Unmanned Surface Vehicle Based on A Star and Velocity-Obstacle Algorithms,Hongzhou Yan; Qige Zhu; Yifan Zhang; Zhe Li; Xiaojia Du,2022,2022 IEEE 6th Information Technology and Mechatronics Engineering Conference (ITOEC),https://ieeexplore.ieee.org/document/9734642,IEEE,8,dynamic obstacle avoidance vehicles
An RRT-Based Path Planning Strategy in a Dynamic Environment,Yijing Li,2021,"2021 7th International Conference on Automation, Robotics and Applications (ICARA)",https://ieeexplore.ieee.org/document/9376472,IEEE,7,RRT replanning moving obstacles
Animal Welfare Aspects in Planning and Conducting Experiments on Rodent Models of Subarachnoid Hemorrhage,"Becker, K.",2023,"Cell Mol Neurobiol 43, 3965–3981",https://link.springer.com/article/10.1007/s10571-023-01418-5,springer,1,time varying CBF planning
Applications to Autonomous Vehicles in Traffic Networks,"Xiao, W., Cassandras, C.G., Belta, C.",2023,Synthesis Lectures on Computer Science.,https://link.springer.com/chapter/10.1007/978-3-031-27576-0_9,springer,0,CBF QP autonomous driving
Asymptotical RRT-Based Path Planning for Mobile Robots in Dynamic Environments,Zhuoyang Du; Shan Liu,2018,2018 37th Chinese Control Conference (CCC),https://ieeexplore.ieee.org/document/8482649,IEEE,8,RRT replanning moving obstacles
Autoencoder and Kernel Density Estimation Based Approach for Time Series Anomaly Detection,"Arzha, A., Korkhov, V.",2025,"ICCSA 2025 Workshops. ICCSA 2025. Lecture Notes in Computer Science, vol 15894.",https://link.springer.com/chapter/10.1007/978-3-031-97648-3_17,springer,0,CBF gain parameter tuning
Autonomous Docking for Maritime Autonomous Surface Ships Based on Dynamic Vector Field and Control Barrier Functions,Mingjun Luo; Lu Liu; Anqing Wang; Nan Gu; Haoliang Wang; Dan Wang,2024,2024 43rd Chinese Control Conference (CCC),https://ieeexplore.ieee.org/document/10662708,IEEE,0,control barrier function autonomous
"Autonomous ground vehicles: technological advancements, implementation challenges, and future directions","Patkar, V., Mehendale, N.",2025,Int J Intell Robot Appl,https://link.springer.com/article/10.1007/s41315-024-00418-y,springer,2,kinodynamic RRT autonomous vehicles
Autonomous Navigation of Quadruped Robots for Monitoring and Inspection of Civil Infrastructure,"Tandon, A., Stührenberg, J., Dragos, K., Smarsly, K.",2025,"Lecture Notes in Civil Engineering, vol 629.",https://link.springer.com/chapter/10.1007/978-3-031-87364-5_29,springer,1,kinodynamic RRT autonomous vehicles
Autonomous Racing with Multiple Vehicles using a Parallelized Optimization with Safety Guarantee using Control Barrier Functions,Suiyi He; Jun Zeng; Koushil Sreenath,2022,2022 International Conference on Robotics and Automation (ICRA),https://ieeexplore.ieee.org/abstract/document/9811969,google scholar,40,control barrier function autonomous
Autonomous Vehicle Lane-Change Control Based on Model Predictive Control with Control Barrier Function,Xiaoya Chen; Xiangbin Liu; Min Zhang,2024,2024 IEEE 13th Data Driven Control and Learning Systems Conference (DDCLS),https://ieeexplore.ieee.org/document/10606562,IEEE,1,control barrier function autonomous
Balanced Safety-Critical High-Gain Control for Uncertain Nonlinear Systems With Input Saturation,Peng Wang; Xiuhui Peng; Xiaoling Liang; Shuzhi Sam Ge,2024,IEEE Transactions on Automation Science and Engineering ( Volume: 22),https://ieeexplore.ieee.org/abstract/document/10815003,google scholar,0,CBF gain parameter tuning
Barrier function composite nonlinear feedback adaptive sliding mode control for time-delayed MIMO systems,"Mobayen, S. ",2025,"Nonlinear Dyn 113, 16837–16855",https://link.springer.com/article/10.1007/s11071-025-10980-0,springer,0,control barrier function autonomous
Barrier Lyapunov Function-based Backstepping Controller Design for Path Tracking of Autonomous Vehicles,"Hosseinnajad, A., Mohajer, N. & Nahavandi, S.",2024,"J Intell Robot Syst 110, 118",https://link.springer.com/article/10.1007/s10846-024-02152-w,springer,5,control barrier function autonomous
Barrier Lyapunov-Based Fuzzy Sliding Mode Control for Lateral Autonomous Vehicle Dynamics,"Jennan, N., Mellouli, E., Arjdal, E.",2025,"ICESST 2024. Sustainable Civil Infrastructures. Springer, Cham.",https://link.springer.com/chapter/10.1007/978-3-031-86705-7_42,springer,0,control barrier function autonomous
Bi-HS-RRT: an efficient sampling-based motion planning algorithm for unknown dynamic environments,"Liao, L., Xu, Q., Zhou, X. et al.",2024,"Complex Intell. Syst. 10, 7497–7512",https://link.springer.com/article/10.1007/s40747-024-01557-2,springer,0,RRT replanning moving obstacles
Bi-Risk-RRT Based Efficient Motion Planning for Autonomous Ground Vehicles,Han Ma; Fei Meng; Chengwei Ye; Jiankun Wang; Max Q.-H. Meng,2022,"IEEE Transactions on Intelligent Vehicles ( Volume: 7, Issue: 3, September 2022) ",https://ieeexplore.ieee.org/document/9718167,IEEE,30,kinodynamic RRT autonomous vehicles
"Boundary-RRT* Algorithm for Drone Collision
Avoidance and Interleaved Path Re-planning",Je-Kwan Park* and Tai-Myoung Chung**,2020,Journal of Information Processing Systems,https://koreascience.kr/article/JAKO202009651162953.pdf,google scholar,21,RRT replanning moving obstacles
BRMPNet: bidirectional recurrent motion planning networks for generic robotic platforms in smart manufacturing,"Feng, BH., Li, BY., Jiang, XT. et al.",2025,"Adv. Manuf. 13, 477–492",https://link.springer.com/article/10.1007/s40436-024-00529-6,springer,0,probabilistic safe motion planning
CBF-Based Motion Planning for Socially Responsible Robot Navigation Guaranteeing STL Specification*,Andrea Ruo; Lorenzo Sabattini; Valeria Villani,2024,2024 European Control Conference (ECC),https://ieeexplore.ieee.org/document/10591282,IEEE,2,time varying CBF planning
CBF-Based Motion Planning for Socially Responsible Robot Navigation Guaranteeing STL Specification*,Andrea Ruo; Lorenzo Sabattini; Valeria Villani,2024,2024 European Control Conference (ECC),https://ieeexplore.ieee.org/abstract/document/10591282,google scholar,2,time varying CBF planning
CBF-Based STL Motion Planning for Social Navigation in Crowded Environment,"Ruo, A., Sabattini, L., Villani, V.",2025,"Springer Proceedings in Advanced Robotics, vol 33.",https://link.springer.com/chapter/10.1007/978-3-031-76428-8_23,springer,0,time varying CBF planning
Characterizing drivers of change in intraoperative cerebral saturation using supervised machine learning,"Pries, P.J., Mutch, W.A.C. & Funk, D.J.",2025,"J Clin Monit Comput 39, 559–569",https://link.springer.com/article/10.1007/s10877-025-01265-3,springer,2,CBF gain parameter tuning
Collaborative control of trajectory tracking and braking stability of intelligent vehicles with a blowout tire,"Lu, Y., Han, Z., Zhang, J. et al.",2024," J Mech Sci Technol 38, 67–78",https://link.springer.com/article/10.1007/s12206-023-1206-y,springer,4,safe LQR steering vehicles
Collision Avoidance in Autonomous Vehicles Using the Control Lyapunov Function–Control Barrier Function–Quadratic Programming Approac,"Chen, Haochong; Zhang, Fengrui; Aksun-Guvenc, Bilin",2025,"Electronics; Basel Bd. 14, Ausg. 3, ",https://www.proquest.com/openview/226f30ef2090e04620d6437afe50c557/1?pq-origsite=gscholar&cbl=2032404,google scholar,1,CBF QP autonomous driving
COLREG-RRT: An RRT-Based COLREGS-Compliant Motion Planner for Surface Vehicle Navigation,Hao-Tien Lewis Chiang; Lydia Tapia,2018,"IEEE Robotics and Automation Letters ( Volume: 3, Issue: 3, July 2018) ",https://ieeexplore.ieee.org/document/8281087,IEEE,104,kinodynamic RRT autonomous vehicles
"Comprehensive Approach to Motion Planning for Self-Driving Vehicles: Trajectory Roll Out, Route Planning, and Safe Maneuver Execution","Adhikari, V.S., Arora, G., Koli, V.N., Dagur, A.",2024,Advances in Artificial-Business Analytics and Quantum Machine Learning.,https://link.springer.com/chapter/10.1007/978-981-97-2508-3_43,springer,1,probabilistic safe motion planning
Control and Motion Planning,"Berscheid, L., Kröger, T.",2025,Robotics Goes MOOC.,https://link.springer.com/chapter/10.1007/978-3-319-74095-9_3,springer,0,probabilistic safe motion planning
Control Barrier Function Based Model Predictive Control to Safety Obstacle-Avoidance of Autonomous Manned Mobile Robots,"Gao, Q., Feng, J., Zhang, G., Cao, W.",2025,"Lecture Notes in Electrical Engineering, vol 1341. Springer, Singapore.",https://link.springer.com/chapter/10.1007/978-981-96-2216-0_58,springer,0,control barrier function autonomous
Control Barrier Function Based Three-Channel Coupling Control of Air-Breathing Hypersonic Vehicle with AoA Constraint,"Huang, J., Liu, J., Guo, H., Fu, W.",2025,Proceedings of 4th 2024 International Conference on Autonomous Unmanned Systems (4th ICAUS 2024). ICAUS 2024,https://link.springer.com/chapter/10.1007/978-981-96-3568-9_27,springer,0,CBF QP autonomous driving
Control Barrier Function-Based Discrete-Time Adaptive Control for Uncertain Systems,"Xu, H., Shi, Z., Zhao, L.",2025,"ICGNC 2024. Lecture Notes in Electrical Engineering, vol 1341.",https://link.springer.com/chapter/10.1007/978-981-96-2216-0_27,springer,0,control barrier function autonomous
Control Barrier Functions for Stochastic Systems under Signal Temporal Logic Tasks,Arash Bahari Kordabad; Maria Charitidou; Dimos V. Dimarogonas; Sadegh Soudjani,2024,2024 European Control Conference (ECC),https://ieeexplore.ieee.org/document/10591078,IEEE,1,time varying CBF planning
Control Synthesis for Stability and Safety by Differential Complementarity Problem,Yinzhuang Yi; Shumon Koga; Bogdan Gavrea; Nikolay Atanasov,2022,IEEE Control Systems Letters ( Volume: 7) ,https://ieeexplore.ieee.org/abstract/document/9983798,google scholar,5,CBF gain parameter tuning
Controller design for an electric power steering system based on LQR techniques,"Cristian Chitu, Jochen Lackner, Martin Horn, Premchand Srikanth Pullagura, Helmut Waser, Markus Kohlböck",2013,The international journal for computation and mathematics in electrical and electronic engineering,https://www.emerald.com/insight/content/doi/10.1108/03321641311305737/full/html,google scholar,58,safe LQR steering vehicles
Cooperative collision avoidance and obstacle avoidance path planning for multiple unmanned underwater vehicles,Hongxia Zhang; Senlin Pu; Youjun Sun,2023,2023 35th Chinese Control and Decision Conference (CCDC),https://ieeexplore.ieee.org/document/10326829,IEEE,1,dynamic obstacle avoidance vehicles
Cooperative Control Framework for Human Driver and Active Rear Steering System to Advance Active Safety,Peng Hang; Xinbo Chen; Wei Wang,2020,"IEEE Transactions on Intelligent Vehicles ( Volume: 6, Issue: 3, September 2021)",https://ieeexplore.ieee.org/abstract/document/9259201,google scholar,47,safe LQR steering vehicles
Correct by construction design of autonomous vehicles through a barrier function method,Yuxiao Chen; Huei Peng; Jessy Grizzle,2017,2017 American Control Conference (ACC),https://ieeexplore.ieee.org/document/7963718,IEEE,3,control barrier function autonomous
"Deadlock-free, safe, and decentralized multi-robot navigation in social mini-games via discrete-time control barrier functions","Chandra, R., Zinage, V., Bakolas, E. et al.",2025,"Auton Robot 49, 12",https://link.springer.com/article/10.1007/s10514-025-10194-8,springer,1,time varying CBF planning
Decentralized iLQR for Cooperative Trajectory Planning of Connected Autonomous Vehicles via Dual Consensus ADMM,Zhenmin Huang; Shaojie Shen; Jun Ma,2023,"IEEE Transactions on Intelligent Transportation Systems ( Volume: 24, Issue: 11, November 2023)",https://ieeexplore.ieee.org/document/10171831,IEEE,20,safe LQR steering vehicles
Decentralized multi-robot formation control in environments with non-convex and dynamic obstacles based on path planning algorithms,"Ruiz-Fernandez, L.E., Ruiz-Leon, J., Gomez-Gutierrez, D. et al.",2025,"Intel Serv Robotics 18, 215–232",https://link.springer.com/article/10.1007/s11370-024-00582-x,springer,1,RRT replanning moving obstacles
Design and Vehicle Implementation of Autonomous Lane Change Algorithm based on Probabilistic Prediction,Heungseok Chae; Yonghwan Jeong; Seonwook Kim; Hojun Lee; Jongcherl Park; Kyongsu Yi,2018,2018 21st International Conference on Intelligent Transportation Systems (ITSC),https://ieeexplore.ieee.org/document/8569778,IEEE,10,safe LQR steering vehicles
Differentiable Control Barrier Functions for Vision-based End-to-End Autonomous Driving,"Wei Xiao, Tsun-Hsuan Wang, Makram Chahine, Alexander Amini, Ramin Hasani, Daniela Rus",2022,arXiv preprint arXiv:2203.02401,https://arxiv.org/abs/2203.02401,google scholar,22,control barrier function autonomous
Differentiable Optimization Based Time-Varying Control Barrier Functions for Dynamic Obstacle Avoidance,"Bolun Dai, Rooholla Khorrambakht, Prashanth Krishnamurthy, Farshad Khorrami",2024,arXiv preprint arXiv:2309.17226.,https://doi.org/10.48550/arXiv.2309.17226,google scholar,4,time varying CBF planning
Dispertio: Optimal Sampling For Safe Deterministic Motion Planning,Luigi Palmieri; Leonard Bruns; Michael Meurer; Kai O. Arras,2020,"IEEE Robotics and Automation Letters ( Volume: 5, Issue: 2, April 2020) ",https://ieeexplore.ieee.org/document/8928532,IEEE,17,probabilistic safe motion planning
Disturbance Observer-Enhanced Adaptive CBFs for Safety-Critical Motion Control of Autonomous Vehicles,Yifan Cheng; Yuxiang Zhang; Yuyao Jiang; Hongqing Chu; Bingzhao Gao; Hong Chen,2024,2024 IEEE 27th International Conference on Intelligent Transportation Systems (ITSC),https://ieeexplore.ieee.org/abstract/document/10920261,google scholar,0,CBF QP autonomous driving
DP and QP Based Decision-making and Planning for Autonomous Vehicle,Zhicheng Zhang,2024,arXiv preprint arXiv:2411.06751,https://arxiv.org/abs/2411.06751,google scholar,0,CBF QP autonomous driving
Dynamic Control Authority Allocation in Indirect Shared Control for Steering Assistance,Yutao Chen; Hongliang Zhang; Haocong Chen; Jie Huang; Bin Wang; Zixiang Xiong,2025,"IEEE Transactions on Intelligent Transportation Systems ( Volume: 26, Issue: 3, March 2025) ",https://ieeexplore.ieee.org/document/10873363,IEEE,0,CBF QP autonomous driving
Dynamic Informed Bias RRT*-Connect: Improving Heuristic Guidance by Dynamic Informed Bias Using Hybrid Dual Trees Search,"Li, H., Kang, Y. & Han, H.",2024,"J Intell Robot Syst 110, 106",https://link.springer.com/article/10.1007/s10846-024-02144-w,springer,5,kinodynamic RRT autonomous vehicles
Dynamic obstacle avoidance," Clark R. Karr, Michael A. Craft, Jaime E. Cisneros ",1995,"Proceedings Volume 10280, Distributed Interactive Simulation Systems for Simulation and Training in the Aerospace Environment",https://doi.org/10.1117/12.204222,google scholar,18,dynamic obstacle avoidance vehicles
Dynamic Obstacle Avoidance for Submarine Cable Laying AUVs Based on Model Prediction,Xiaoqin Huang; Xu Wang,2025,2025 8th International Conference on Advanced Algorithms and Control Engineering (ICAACE),https://ieeexplore.ieee.org/document/11019063,IEEE,0,dynamic obstacle avoidance vehicles
Dynamic obstacle avoidance for unmanned underwater vehicles based on an improved velocity obstacle method,"W Zhang, S Wei, Y Teng, J Zhang, X Wang, Z Yan",2017,Sensors 17.12,https://www.mdpi.com/1424-8220/17/12/2742,google scholar,75,dynamic obstacle avoidance vehicles
Dynamic Obstacle Avoidance Method for Road Vehicles Via Improved Artificial Potential Field,Mingyang Xu; Chen Xu; Gengxin Qi; Ming Yue; Xudong Zhao,2023,2023 7th CAA International Conference on Vehicular Control and Intelligence (CVCI),https://ieeexplore.ieee.org/document/10397262,IEEE,2,dynamic obstacle avoidance vehicles
Dynamic Obstacle Avoidance Path Planning of Unmanned Vehicle Based on Improved APF,Ziming Zhang; Ruixuan Jia; Xiaoming Chen; Shuyi Shao,2023,2023 7th International Symposium on Computer Science and Intelligent Control (ISCSIC),https://ieeexplore.ieee.org/document/10409720,IEEE,3,dynamic obstacle avoidance vehicles
Dynamic obstacles avoidance based on image-based dynamic window approach for human-vehicle interaction,Yue Kang; Danilo Alves de Lima; Alessandro Corrêa Victorino,2015,2015 IEEE Intelligent Vehicles Symposium (IV),https://ieeexplore.ieee.org/abstract/document/7225666,google scholar,15,dynamic obstacle avoidance vehicles
Dynamic path planning and replanning for mobile robots using RRT,Devin Connell; Hung Manh La,2017,"2017 IEEE International Conference on Systems, Man, and Cybernetics (SMC)",https://ieeexplore.ieee.org/document/8122814,IEEE,65,RRT replanning moving obstacles
Dynamic path planning and replanning for mobile robots using RRT,Devin Connell; Hung Manh La,2017,"2017 IEEE International Conference on Systems, Man, and Cybernetics (SMC)",https://ieeexplore.ieee.org/abstract/document/8122814,google scholar,144,RRT replanning moving obstacles
Dynamic Trajectory Planning and Tracking for Autonomous Vehicle With Obstacle Avoidance Based on Model Predictive Control,Shaosong Li; Zheng Li; Zhixin Yu; Bangcheng Zhang; Niaona Zhang,2019,IEEE Access ( Volume: 7) ,https://ieeexplore.ieee.org/abstract/document/8835033,google scholar,84,dynamic obstacle avoidance vehicles
EB-RRT: Optimal Motion Planning for Mobile Robots,Jiankun Wang; Max Q.-H. Meng; Oussama Khatib,2020,"IEEE Transactions on Automation Science and Engineering ( Volume: 17, Issue: 4, October 2020) ",https://ieeexplore.ieee.org/abstract/document/9082624,google scholar,158,RRT replanning moving obstacles
Efficient and Asymptotically Optimal Vehicle Motion Planning With Stochastic Template-Based RRT*,Shaoyu Yang; Masamichi Shimosaka,2025,IEEE Access ( Volume: 13) ,https://ieeexplore.ieee.org/document/10904464,IEEE,0,kinodynamic RRT autonomous vehicles
Efficient Human-Robot Safety Framework Based on Human Hand Trajectory Prediction and Path Replanning,Xinjie Chen; Hui Zhang; Bo Chen; Kang Li; Yiming Jiang,2024,2024 China Automation Congress (CAC),https://ieeexplore.ieee.org/document/10865387,IEEE,0,RRT replanning moving obstacles
Efficient Motion Planning for Manipulators with Control Barrier Function-Induced Neural Controller,Mingxin Yu; Chenning Yu; M-Mahdi Naddaf-Sh; Devesh Upadhyay; Sicun Gao; Chuchu Fan,2024,2024 IEEE International Conference on Robotics and Automation (ICRA),https://ieeexplore.ieee.org/abstract/document/10610785,google scholar,8,time varying CBF planning
"Efficient perception, planning, and control algorithm for vision-based automated vehicles","Lee, DH.",2024,"Appl Intell 54, 8278–8295",https://link.springer.com/article/10.1007/s10489-024-05610-y,springer,5,safe LQR steering vehicles
Enhancing System-Level Safety in Mixed-Autonomy Platoon via Safe Reinforcement Learning,Jingyuan Zhou; Longhao Yan; Kaidi Yang,2024,IEEE Transactions on Intelligent Vehicles ( Early Access ),https://ieeexplore.ieee.org/document/10462535,IEEE,4,CBF QP autonomous driving
Estimating probability of collision for safe motion planning under Gaussian motion and sensing uncertainty,Sachin Patil; Jur van den Berg; Ron Alterovitz,2012,2012 IEEE International Conference on Robotics and Automation,https://ieeexplore.ieee.org/abstract/document/6224727,google scholar,151,probabilistic safe motion planning
Expert-Guided Kinodynamic RRT Path Planner for Non-Holonomic Robots,José María Sanz; Miguel Hernando; Guillermo Zaragoza; Alberto Brunete,2018,2018 IEEE/RSJ International Conference on Intelligent Robots and Systems (IROS),https://ieeexplore.ieee.org/document/8593924,IEEE,4,kinodynamic RRT autonomous vehicles
Fast and Safe Path Planning Method for an Autonomous Smart Walker,Luís B.P. Nascimento; Joelson C. Rocha-Júnior; Vitor G. Santos; Diego S. Pereira; Pablo J. Alsina; Anselmo Frizera-Neto,2020,"2020 Latin American Robotics Symposium (LARS), 2020 Brazilian Symposium on Robotics (SBR) and 2020 Workshop on Robotics in Education (WRE)",https://ieeexplore.ieee.org/document/9307026,IEEE,0,probabilistic safe motion planning
"Fast, Safe and Robust Motion Planning for Autonomous Vehicles Based on Robust Control Invariant Tubes","Zhao, M., Shen, T., Wang, F. et al.",2025,"Chin. J. Mech. Eng. 38, 56",https://link.springer.com/article/10.1186/s10033-025-01216-8,springer,0,safe LQR steering vehicles
Feasibility for CBF-Based Optimal Control Using Machine Learning,"Xiao, W., Cassandras, C.G., Belta, C.",2023,Synthesis Lectures on Computer Science.,https://link.springer.com/chapter/10.1007/978-3-031-27576-0_5,springer,0,time varying CBF planning
Fillet-based: A Rapid Convergence Implementation of RRT* for Curvature Constrained Vehicles,"Swedeen, J., Droge, G. & Christensen, R.",2023,"J Intell Robot Syst 108, 68",https://link.springer.com/article/10.1007/s10846-023-01846-x,springer,4,kinodynamic RRT autonomous vehicles
FORESEE: Prediction With Expansion–Compression Unscented Transform for Online Policy Optimization,Hardik Parwana; Albus Fang; Dimitra Panagou,2025,IEEE Transactions on Control Systems Technology ( Early Access ),https://ieeexplore.ieee.org/document/11022968,IEEE,0,CBF gain parameter tuning
Frequency response of swarm deformation with control barrier function,"Origane, Y., Hattori, Y. & Kurabayashi, D.",2022,"Artif Life Robotics 27, 248–254",https://link.springer.com/article/10.1007/s10015-022-00745-y,springer,0,CBF gain parameter tuning
Future-Focused Control Barrier Functions for Autonomous Vehicle Control,Mitchell Black; Mrdjan Jankovic; Abhishek Sharma; Dimitra Panagou,2023,2023 American Control Conference (ACC),https://ieeexplore.ieee.org/abstract/document/10156163,google scholar,17,control barrier function autonomous
Fuzzy Kinodynamic RRT: a Dynamic Path Planning and Obstacle Avoidance Method,Long Chen; Iraj Mantegh; Tong He; Wenfang Xie,2020,2020 International Conference on Unmanned Aircraft Systems (ICUAS),https://ieeexplore.ieee.org/abstract/document/9213964,google scholar,29,kinodynamic RRT autonomous vehicles
Global and local path planning of robots combining ACO and dynamic window algorithm,"Lu, Y., Da, C.",2025,"Sci Rep 15, 9452",https://link.springer.com/article/10.1038/s41598-025-93571-8,springer,2,safe LQR RRT planning
"Horizon-based lazy optimal RRT for fast, efficient replanning in dynamic environment","Ying Chen, Zhen He & Shunli Li",2019,Autonomous Robots,https://link.springer.com/article/10.1007/s10514-019-09879-8,google scholar,28,RRT replanning moving obstacles
HPO-RRT*: a sampling-based algorithm for UAV real-time path planning in a dynamic environment,"Guo, Y., Liu, X., Jia, Q. et al.",2023," Complex Intell. Syst. 9, 7133–7153",https://link.springer.com/article/10.1007/s40747-023-01115-2,springer,23,RRT replanning moving obstacles
Human Assist Control of Electric Wheelchair Using Zeroing Control Barrier Function for Non-autonomous System,Sosuke Sugimoto; Haruto Aoki; Hisakazu Nakamura,2023,2023 62nd Annual Conference of the Society of Instrument and Control Engineers (SICE),https://ieeexplore.ieee.org/document/10354090,IEEE,1,control barrier function autonomous
Humanoid Robot Motion Planning Approaches: a Survey,"de Lima, C.R., Khan, S.G., Tufail, M. et al.",2024,"J Intell Robot Syst 110, 86",https://link.springer.com/article/10.1007/s10846-024-02117-z,springer,5,probabilistic safe motion planning
Hybrid Trajectory Replanning-Based Dynamic Obstacle Avoidance for Physical Human-Robot Interaction,"Li, S., Han, K., Li, X. et al.",2021," J Intell Robot Syst 103, 41",https://link.springer.com/article/10.1007/s10846-021-01510-2,springer,17,RRT replanning moving obstacles
Improved A* Algorithm and Dynamic Obstacle Avoidance Method for Path Planning and Self- Positioning of Autonomous Guided Vehicles,Yingrui Wang; Junting Meng; Dong Zhang; Xiaoqi Chen,2024,2024 International Conference on Intelligent Robotics and Automatic Control (IRAC),https://ieeexplore.ieee.org/document/10871658,IEEE,0,dynamic obstacle avoidance vehicles
Incremental Bayesian Learning for Fail-Operational Control in Autonomous Driving,Lei Zheng; Rui Yang; Zengqi Peng; Wei Yan; Michael Yu Wang; Jun Ma,2024,2024 European Control Conference (ECC),https://ieeexplore.ieee.org/document/10590988,IEEE,0,CBF QP autonomous driving
Integrated Controller Design for Path Following in Autonomous Vehicles (2011-01-1032),Ronald Jurgen,2013,SAE,https://ieeexplore.ieee.org/document/8505314,IEEE,0,safe LQR steering vehicles
Integrated optimal dynamics control of 4WS4WD electric ground vehicles with tire-road frictional coefficient estimation,Chuan Hu; Rongrong Wang; Zejiang Wang; Mohammed Chadli; Fengjun Yan,2015,2015 American Control Conference (ACC),https://ieeexplore.ieee.org/document/7172188,IEEE,6,safe LQR steering vehicles
Integration of Particle Swarm Optimization and Sliding Mode Control: A Comprehensive Review,"Sathisha Shetty, Kareem, A., Aithal, G.",2023,"Lecture Notes in Electrical Engineering, vol 1062.",https://link.springer.com/chapter/10.1007/978-981-99-4444-6_15,springer,0,CBF gain parameter tuning
Intelligent vehicle lateral control strategy research based on feedforward + predictive LQR algorithm with GA optimisation and PID compensation,"Zheng, Za., Ye, Z. & Zheng, X.",2024,"Sci Rep 14, 22317",https://link.springer.com/article/10.1038/s41598-024-72960-5,springer,3,safe LQR steering vehicles
Kinodynamic Motion Planning for Autonomous Vehicles,Jiwung Choi,2014,International Journal of Advanced Robotic Systems,https://doi.org/10.5772/58683,google scholar,20,kinodynamic RRT autonomous vehicles
Kinodynamic RRT*: Asymptotically optimal motion planning for robots with linear dynamics,Dustin J. Webb; Jur van den Berg,2013,2013 IEEE International Conference on Robotics and Automation,https://ieeexplore.ieee.org/abstract/document/6631299,google scholar,557,kinodynamic RRT autonomous vehicles
Lane-Change Collision Avoidance Control for Automated Vehicles with Control Barrier Functions,"Ding, Y., Zhong, H., Qian, Y. et al.",2023," Int.J Automot. Technol. 24, 739–748",https://link.springer.com/article/10.1007/s12239-023-0061-2,springer,6,CBF QP autonomous driving
Learned Critical Probabilistic Roadmaps for Robotic Motion Planning,Brian Ichter; Edward Schmerling; Tsang-Wei Edward Lee; Aleksandra Faust,2020,2020 IEEE International Conference on Robotics and Automation (ICRA),https://ieeexplore.ieee.org/abstract/document/9197106,google scholar,109,probabilistic safe motion planning
Lipid metabolism and MAPK-ICE1 cascade play crucial roles in cold tolerance of banana,"Wu, S., Hu, C., Zhang, S. et al.",2024,"HORTIC. ADV. 2, 8",https://link.springer.com/article/10.1007/s44281-024-00028-5,springer,5,CBF gain parameter tuning
"Locally efficient path planning in an uncertain, dynamic environment using a probabilistic model",R. Sharma,1992,"IEEE Transactions on Robotics and Automation ( Volume: 8, Issue: 1, February 1992) ",https://ieeexplore.ieee.org/document/127244,IEEE,27,probabilistic safe motion planning
LPM-Net: A Data-Driven Resource-Efficient Predictive Motion Planner for Mobile Robots,"Amirhosseini, F., Nilforoushan, Z. & Leili Mirtaheri",2025,"Neural Process Lett 57, 5",https://link.springer.com/article/10.1007/s11063-024-11671-4,springer,0,kinodynamic RRT autonomous vehicles
LQR-based Cooperative Path Following of Multiple UAVs with Collision Avoidance,Nishant Mohanty; Akshath Singhal; T.K. Dan; P.B. Sujit,2019,2019 Sixth Indian Control Conference (ICC),https://ieeexplore.ieee.org/document/9123200,IEEE,2,safe LQR steering vehicles
LQR-CBF-RRT*: Safe and Optimal Motion Planning,"Guang Yang, Mingyu Cai, Ahmad Ahmad, Amanda Prorok, Roberto Tron, Calin Belta",2023,arXiv preprint arXiv:2304.00790,https://arxiv.org/abs/2304.00790#,google scholar,16,safe LQR RRT planning
LQR-RRT*: Optimal sampling-based motion planning with automatically derived extension heuristics,"A. Perez, R. Platt, G. Konidaris, L. Kaelbling and T. Lozano-Perez",2012,2012 IEEE International Conference on Robotics and Automation,https://ieeexplore.ieee.org/abstract/document/6225177,google scholar,343,safe LQR RRT planning
Mobile robot motion planning considering the motion uncertainty of moving obstacles,J. Miura; H. Uozumi; Y. Shirai,1999,"IEEE SMC'99 Conference Proceedings. 1999 IEEE International Conference on Systems, Man, and Cybernetics (Cat. No.99CH37028)",https://ieeexplore.ieee.org/document/812488,IEEE,10,probabilistic safe motion planning
Model-free Adaptive Iterative Learning Control for Nonlinear Systems With Time-varying Constraints,"Wei, Y., Zhang, YQ., Dong, ZY. et al.",2025," Int. J. Control Autom. Syst. 23, 935–944",https://link.springer.com/article/10.1007/s12555-024-0349-7,springer,1,time varying CBF planning
Model-Free Safety Critical Model Predictive Control for Mobile Robot in Dynamic Environments,Minh-Nhat Nguyen; Mien Van; Stephen McIlvanna; Yuzhu Sun; Jack Close; Kabirat Olayemi,2024,"IEEE Transactions on Intelligent Vehicles ( Volume: 9, Issue: 11, November 2024) ",https://ieeexplore.ieee.org/document/10502261,IEEE,2,time varying CBF planning
Motion Control of an Autonomous Underwater Vehicle for Maritime Surveillance ,Anastasia Costanza Aiassa,2024,Corso di laurea magistrale in Mechatronic Engineering (Ingegneria Meccatronica),https://webthesis.biblio.polito.it/35217/,google scholar,0,LQR CBF RRT-star vehicles
Motion Planning and Control for On-Orbit Assembly using LQR-RRT* and Nonlinear MPC,"Bryce Doerr, Richard Linares",2020,arXiv preprint arXiv:2008.02846,https://doi.org/10.48550/arXiv.2008.02846,google scholar,17,safe LQR RRT planning
Motion Planning and Path Following for Autonomous Navigation and Reversing of a Full-Scale Mining Truck and Trailer System,"Aydemir, E., Unel, M.",2025,"Int.J Automot. Technol. 26, 595–606",https://link.springer.com/article/10.1007/s12239-024-00174-9,springer,0,safe LQR RRT planning
Motion Planning and Pose Control for Flexible Spacecraft Using Enhanced LQR-RRT*,Xilin Zhong; Zhengtao Wei; Ti Chen,2024,"IEEE Transactions on Aerospace and Electronic Systems ( Volume: 59, Issue: 6, December 2023) ",https://ieeexplore.ieee.org/abstract/document/10234103,google scholar,7,safe LQR RRT planning
Motion Primitives Based Kinodynamic RRT for Autonomous Vehicle Navigation in Complex Environments,"Shubham Kedia, Sambhu Harimanas Karumanchi",2022,IROS Workshop 2022,https://doi.org/10.48550/arXiv.2210.11652,google scholar,1,kinodynamic RRT autonomous vehicles
Moving Horizon path planning for intelligent vehicle oriented to dynamic obstacle avoidance,Jiaqi Han; Maoyuan Cui; Ying Lv; Kewang Liu; Qikun Dai; Hongyan Guo,2022,2022 6th CAA International Conference on Vehicular Control and Intelligence (CVCI),https://ieeexplore.ieee.org/document/9965184,IEEE,2,dynamic obstacle avoidance vehicles
MP-RRT#: a Model Predictive Sampling-based Motion Planning Algorithm for Unmanned Aircraft Systems,"Primatesta, S., Osman, A. & Rizzo, A.",2021,"J Intell Robot Syst 103, 59",https://link.springer.com/article/10.1007/s10846-021-01501-3,springer,10,safe LQR RRT planning
MPC-CBF Strategy for Multi-Robot Collision-Free Path-Following,Arthur Da C. Vangasse; Guilherme V. Raffo; Luciano C. A. Pimenta,2023,"2023 Latin American Robotics Symposium (LARS), 2023 Brazilian Symposium on Robotics (SBR), and 2023 Workshop on Robotics in Education (WRE)",https://ieeexplore.ieee.org/document/10332984,IEEE,2,time varying CBF planning
Multi-AMR Obstacle Avoidance Algorithm Based on Improved MATD3,"Li, Z., Zhang, Y., Yin, C., Liu, X.",2025,Proceedings of the 2nd International Conference on the Frontiers of Robotics and Software Engineering ,https://link.springer.com/chapter/10.1007/978-981-96-3013-4_23,springer,0,time varying CBF planning
Multi-rotor UAV path planning based on Model Predictive Control and Control Barrier Function,Shengxi Li; Yang Chen; Yanhua Yang,2024,2024 36th Chinese Control and Decision Conference (CCDC),https://ieeexplore.ieee.org/document/10587478,IEEE,1,control barrier function autonomous
Multipartite RRTs for Rapid Replanning in Dynamic Environments,Matt Zucker; James Kuffner; Michael Branicky,2007,Proceedings 2007 IEEE International Conference on Robotics and Automation,https://ieeexplore.ieee.org/abstract/document/4209317,google scholar,373,RRT replanning moving obstacles
Navigating the Noise: A CBF Approach for Nonlinear Control with Integral Constraints,Idris Seidu; Roberto Tron,2024,2024 IEEE 63rd Conference on Decision and Control (CDC),https://ieeexplore.ieee.org/document/10886603,IEEE,0,time varying CBF planning
Neural Network Approximation Based Near-Optimal Motion Planning With Kinodynamic Constraints Using RRT,Yang Li; Rongxin Cui; Zhijun Li; Demin Xu,2018,"IEEE Transactions on Industrial Electronics ( Volume: 65, Issue: 11, November 2018) ",https://ieeexplore.ieee.org/document/8316983,IEEE,109,kinodynamic RRT autonomous vehicles
Neural Network Approximation Based Near-Optimal Motion Planning With Kinodynamic Constraints Using RRT,Yang Li; Rongxin Cui; Zhijun Li; Demin Xu,2018,"IEEE Transactions on Industrial Electronics ( Volume: 65, Issue: 11, November 2018) ",https://ieeexplore.ieee.org/abstract/document/8316983,google scholar,146,kinodynamic RRT autonomous vehicles
NMPC formation control for heterogeneous multi-air vehicles with obstacle avoidance and connectivity maintenance,"Ghaderi, F., Toloei, A. & Ghasemi, R.",2025, Intel Serv Robotics 18,https://link.springer.com/article/10.1007/s11370-024-00560-3,springer,1,dynamic obstacle avoidance vehicles
OA-PINN: Efficient Obstacle Avoidance for Autonomous Vehicle Safety with Physics-Informed Neural Networks,Rudrashis Majumder; Sri Siddarth Chakaravarthy; Samahith S A; Suresh Sundaram; Hemanth Patel,2024,"2024 IEEE International Conference on Electronics, Computing and Communication Technologies (CONECCT)",https://ieeexplore.ieee.org/document/10677289,IEEE,0,CBF QP autonomous driving
Obstacle Avoidance for Low-Speed Autonomous Vehicles With Barrier Function,Yuxiao Chen; Huei Peng; Jessy Grizzle,2018,"IEEE Transactions on Control Systems Technology ( Volume: 26, Issue: 1, January 2018) ",https://ieeexplore.ieee.org/abstract/document/7864310,google scholar,222,control barrier function autonomous
Obstacle avoidance of autonomous vehicles based on model predictive control,"J-M Park, D-W Kim, Y-S Yoon, H J Kim, and K-S Yi",2009,"Proceedings of the Institution of Mechanical Engineers, Part D: Journal of Automobile Engineering.",https://doi.org/10.1243/09544070JAUTO1149,google scholar,164,dynamic obstacle avoidance vehicles
OBSTACLE AVOIDANCE PATH PLANNING FOR INTELLIGENT VEHICLES BASED ON SPARROW POTENTIAL FIELD IN MULTI-TYPE SCENARIOS,"Chen, Q., Pi, S., Jiang, Z.",2024, International Journal of Automotive Technology,https://link.springer.com/article/10.1007/s12239-024-00149-w,springer,0,dynamic obstacle avoidance vehicles
Obstacle Avoidance Planning for Autonomous Vehicles Based on Neural Network-centric Path Sampling,Youngmin Yoon & Ara Jo,2025," International Journal of Control, Automation and Systems",https://link.springer.com/article/10.1007/s12555-024-0697-3,springer,1,dynamic obstacle avoidance vehicles
Obstacle guided RRT path planner with region classification for changing environments,Hong Liu; Kai Rao; Fang Xiao,2013,2013 IEEE International Conference on Robotics and Biomimetics (ROBIO),https://ieeexplore.ieee.org/document/6739453,IEEE,0,RRT replanning moving obstacles
On robust controllers for active steering systems of articulated heavy vehicles,"Shenjin Zhu, Yuping He and Jing Ren",2018,"International Journal of Heavy Vehicle SystemsVol. 26, No. 1",https://doi.org/10.1504/IJHVS.2019.097108,google scholar,21,safe LQR steering vehicles
Online Adaptation for Safe Control of Constrained Dynamical Systems,"Parwana, Hardik",2025,Dissertation,https://dx.doi.org/10.7302/25493,google scholar,0,CBF gain parameter tuning
Online Automatic Gain Tuning for Geometric Attitude Control,Bee Vang; Roberto Tron,2022,2022 American Control Conference (ACC),https://ieeexplore.ieee.org/abstract/document/9867873,google scholar,0,CBF gain parameter tuning
Online Mapping and Motion Planning Under Uncertainty for Safe Navigation in Unknown Environments,Èric Pairet; Juan David Hernández; Marc Carreras; Yvan Petillot; Morteza Lahijanian,2021,"IEEE Transactions on Automation Science and Engineering ( Volume: 19, Issue: 4, October 2022)",https://ieeexplore.ieee.org/document/9610137,IEEE,28,probabilistic safe motion planning
Online Parallel Optimization Motion Planner for Robots Under Moving Obstacle Circumstances,"Wang, C., Zhao, S., Zheng, T., Cai, H., Zhu, Y.",2025,Intelligent Robotics and Applications.,https://link.springer.com/chapter/10.1007/978-981-96-0798-3_17,springer,0,RRT replanning moving obstacles
Online RRT* and online FMT*: Rapid replanning with dynamic cost,Bryant Chandler; Michael A. Goodrich,2017,2017 IEEE/RSJ International Conference on Intelligent Robots and Systems (IROS),https://ieeexplore.ieee.org/document/8206535,IEEE,28,RRT replanning moving obstacles
Online RRT* and online FMT*: Rapid replanning with dynamic cost,Bryant Chandler; Michael A. Goodrich,2017,2017 IEEE/RSJ International Conference on Intelligent Robots and Systems (IROS),https://ieeexplore.ieee.org/abstract/document/8206535,google scholar,49,RRT replanning moving obstacles
Optimal kinodynamic planning for autonomous vehicles,"Sakçak, Basak",2018,,https://www.politesi.polimi.it/handle/10589/137763,google scholar,6,kinodynamic RRT autonomous vehicles
Optimal Parameter Adaptation for Safety-Critical Control via Safe Barrier Bayesian Optimization,Shengbo Wang; Ke Li; Zheng Yan; Zhenyuan Guo; Song Zhu; Guanghui Wen,2025,IEEE Transactions on Control Systems Technology ( Early Access ),https://ieeexplore.ieee.org/abstract/document/10982112,google scholar,0,CBF gain parameter tuning
Output Constrained Control Based Barrier Lyapunov Functions for Lateral Dynamics of Autonomous Vehicles,"Nguyen, V.T. et al.",2025,"ICAMCS 2024. Lecture Notes in Networks and Systems, vol 1311. Springer, Cham.",https://link.springer.com/chapter/10.1007/978-3-031-90606-0_39,springer,0,control barrier function autonomous
Output constraint control on path following of four-wheel independently actuated autonomous vehicles,Chuan Hu; Rongrong Wang; Fengjun Yan; Mohammed Chadli; Nan Chen,2015,2015 American Control Conference (ACC),https://ieeexplore.ieee.org/document/7170782,IEEE,10,safe LQR steering vehicles
Parameter Prediction of Control Barrier Function Parameters for Robotic Manipulator Obstacle Avoidance,Stephen McIlvanna; Mien Van; Yuzhu Sun; Nhat Nguyen Minh; Wasif Naeem,2023,IECON 2023- 49th Annual Conference of the IEEE Industrial Electronics Society,https://ieeexplore.ieee.org/abstract/document/10312139,google scholar,0,CBF gain parameter tuning
Path Tracking for Self-driving Cars: Stanley and LQR Controllers Comparison,"Bousskoul, A.E., Ouachtouk, I., Elmahjoub, A.A.",2025,Innovative Technologies on Electrical Power Systems for Smart Cities Infrastructure. ICESST 2024. Sustainable Civil Infrastructures.,https://link.springer.com/chapter/10.1007/978-3-031-86705-7_31,springer,0,safe LQR steering vehicles
PiP-X: Funnel-Based Online Feedback Motion Planning/Replanning in Dynamic Environments,"Jaffar, M.K.M., Otte, M.",2022,"Algorithmic Foundations of Robotics XV. WAFR 2022. Springer Proceedings in Advanced Robotics, vol 25.",https://link.springer.com/chapter/10.1007/978-3-031-21090-7_9,springer,5,RRT replanning moving obstacles
PiP-X: Funnel-Based Online Feedback Motion Planning/Replanning in Dynamic Environments,"Jaffar, M.K.M., Otte, M.",2023,"Springer Proceedings in Advanced Robotics, vol 25. Springer",https://link.springer.com/chapter/10.1007/978-3-031-21090-7_9,springer,5,safe LQR RRT planning
Planning of multiple autonomous vehicles using RRT,Rahul Kala; Kevin Warwick,2011,2011 IEEE 10th International Conference on Cybernetic Intelligent Systems (CIS),https://ieeexplore.ieee.org/abstract/document/6169129,google scholar,45,kinodynamic RRT autonomous vehicles
Polygonal Cone Control Barrier Functions (PolyC2BF) for Safe Navigation in Cluttered Environments,Manan Tayal; Shishir Kolathaya,2024,2024 European Control Conference (ECC),https://ieeexplore.ieee.org/abstract/document/10591026,google scholar,0,LQR CBF RRT-star vehicles
Potential-informed path planning with control barrier functions,"Li, S., Yang, J., Yuan, S. et al.",2025, Intel Serv Robotic,https://link.springer.com/article/10.1007/s11370-025-00618-w,springer,0,safe LQR RRT planning
Predictive Synthesis of Control Barrier Functions and its Application to Time-Varying Constraints,"Adrian Wiltz, Dimos V. Dimarogonas",2025,arXiv preprint arXiv:2504.15830.,https://doi.org/10.48550/arXiv.2504.15830,google scholar,0,time varying CBF planning
Preoperative path planning of craniotomy surgical robot based on improved MDP-LQR-RRT* algorithm,"Zhenzhong Liu, Mingyang Li, Runfeng Zhang, Guobin Zhang, Shilei Han, Kelong Chen",2025,"Biomedical Signal Processing and Control
Volume 105, July 2025, 107647",https://doi.org/10.1016/j.bspc.2025.107647,google scholar,2,safe LQR RRT planning
Prescribed-Time Safety Control for Unknown Systems and Its Application to Robotic Manipulator,Sihua Zhang; Di-Hua Zhai; Yuhan Xiong; Yuanqing Xia,2024,IEEE Transactions on Automation Science and Engineering ( Volume: 22) ,https://ieeexplore.ieee.org/document/10805754,IEEE,1,time varying CBF planning
Probabilistic Planning With Comprehensive Reactive Safety,Fang Da,2025,"IEEE Transactions on Intelligent Transportation Systems ( Volume: 26, Issue: 7, July 2025)",https://ieeexplore.ieee.org/abstract/document/11015829,google scholar,0,probabilistic safe motion planning
Probabilistic prediction based automated driving motion planning algorithm for lane change,Heungseok Chae; Myungsu Lee; Kyongsu Yi,2017,"2017 17th International Conference on Control, Automation and Systems (ICCAS)",https://ieeexplore.ieee.org/document/8204250,IEEE,5,probabilistic safe motion planning
Probabilistically safe motion planning to avoid dynamic obstacles with uncertain motion patterns,"Aoude, G.S., Luders, B.D., Joseph, J.M. et al.",2013," Auton Robot 35, 51–76 (2013)",https://doi.org/10.1007/s10514-013-9334-3,google scholar,364,probabilistic safe motion planning
Provably Safe and Efficient Motion Planning with Uncertain Human Dynamics,"Shen Li, Nadia Figueroa, Ankit Shah, Julie A. Shah",2021,Robotics: Science and Systems Foundation,https://hdl.handle.net/1721.1/145785,google scholar,30,probabilistic safe motion planning
Provably-correct stochastic motion planning with safety constraints,Chanyeol Yoo; Robert Fitch; Salah Sukkarieh,2013,2013 IEEE International Conference on Robotics and Automation,https://ieeexplore.ieee.org/abstract/document/6630692,google scholar,30,probabilistic safe motion planning
RADAR-Based Safe Pull-Over of Autonomous Racing Cars in Localization Failure Scenarios,Francesco Prignoli; Paolo Falcone; Ayoub Raji; Marko Bertogna,2024,2024 European Control Conference (ECC),https://ieeexplore.ieee.org/document/10591321,IEEE,1,safe LQR steering vehicles
Randomised kinodynamic motion planning for an autonomous vehicle in semi-structured agricultural areas,"Elbanhawi, Mohamed, and Milan Simic.",2014,Biosystems Engineering 126,https://www.sciencedirect.com/science/article/abs/pii/S1537511014001226,google scholar,33,kinodynamic RRT autonomous vehicles
Randomized Bidirectional B-Spline Parameterization Motion Planning,Mohamed Elbanhawi; Milan Simic; Reza Jazar,2015,"IEEE Transactions on Intelligent Transportation Systems ( Volume: 17, Issue: 2, February 2016) ",https://ieeexplore.ieee.org/document/7274361,IEEE,62,kinodynamic RRT autonomous vehicles
Rapidly Exploring Random Trees with Physics-Informed Neural Networks for Constrained Energy-Optimal Rendezvous Problems,"Drozd, K., Furfaro, R. & Mortari, D.",2024," J Astronaut Sci 71, 9",https://link.springer.com/article/10.1007/s40295-023-00426-3,springer,3,safe LQR RRT planning
Rate-Tunable Control Barrier Functions: Methods and Algorithms for Online Adaptation,"Hardik Parwana, Dimitra Panagou",2023,arXiv:2303.12966,https://doi.org/10.48550/arXiv.2303.12966,google scholar,3,CBF gain parameter tuning
Reactive motion planning with probabilisticsafety guarantees,"Yuxiao Chen, Ugo Rosolia, Chuchu Fan, Aaron Ames, Richard Murray",2020,Proceedings of the 2020 Conference on Robot Learning,https://proceedings.mlr.press/v155/chen21e.html,google scholar,36,probabilistic safe motion planning
Real-Time Long Range Trajectory Replanning for MAVs in the Presence of Dynamic Obstacles,Geesara Kulathunga; Roman Fedorenko; Sergey Kopylov; Alexandr Klimehik,2020,2020 5th Asia-Pacific Conference on Intelligent Robot Systems (ACIRS),https://ieeexplore.ieee.org/document/9162605,IEEE,7,RRT replanning moving obstacles
Receding-Horizon Reinforcement Learning Approach for Kinodynamic Motion Planning of Autonomous Vehicles,Xinglong Zhang; Yan Jiang; Yang Lu; Xin Xu,2022,"IEEE Transactions on Intelligent Vehicles ( Volume: 7, Issue: 3, September 2022) ",https://ieeexplore.ieee.org/document/9756946,IEEE,34,kinodynamic RRT autonomous vehicles
Receding-Horizon Reinforcement Learning Approach for Kinodynamic Motion Planning of Autonomous Vehicles,Xinglong Zhang; Yan Jiang; Yang Lu; Xin Xu,2022,"IEEE Transactions on Intelligent Vehicles ( Volume: 7, Issue: 3, September 2022) ",https://ieeexplore.ieee.org/abstract/document/9756946,google scholar,51,kinodynamic RRT autonomous vehicles
Reinforcement Learning-Enhanced Control Barrier Functions for Robot Manipulators,"Stephen McIlvanna, Nhat Nguyen Minh, Yuzhu Sun, Mien Van, Wasif Naeem",2022,arXiv:2211.11391,https://doi.org/10.48550/arXiv.2211.11391,google scholar,6,CBF gain parameter tuning
Replanning with RRTs,D. Ferguson; N. Kalra; A. Stentz,2006,"Proceedings 2006 IEEE International Conference on Robotics and Automation, 2006. ICRA 2006.",https://ieeexplore.ieee.org/abstract/document/1641879,google scholar,425,RRT replanning moving obstacles
Research of USV obstacle avoidance strategy based on dynamic window,Xiaogong Lin; Yang Fu,2017,2017 IEEE International Conference on Mechatronics and Automation (ICMA),https://ieeexplore.ieee.org/document/8016023,IEEE,5,dynamic obstacle avoidance vehicles
Research on Cooperative Driving Steering Control for Intelligent Vehicles Based on Lateral Deviation Prediction,"Qin, Z., Guo, L., Guan, L. et al.",2025," Int.J Automot. Technol. 26, 545–558",https://link.springer.com/article/10.1007/s12239-024-00168-7#citeas,springer,2,safe LQR steering vehicles
Research on Intelligent Ship Route Planning Based on the Adaptive Step Size Informed-RRT* Algorithm,"Liu, Z., Cui, J., Meng, F. et al.",2024,J. Marine. Sci. Appl.,https://link.springer.com/article/10.1007/s11804-024-00433-2,springer,5,kinodynamic RRT autonomous vehicles
Research on local real-time obstacle avoidance path planning of unmanned vehicle based on improved artificial potential field method,Chang Liu; Li Zhai; XueYing Zhang,2022,2022 6th CAA International Conference on Vehicular Control and Intelligence (CVCI),https://ieeexplore.ieee.org/document/9964763,IEEE,8,dynamic obstacle avoidance vehicles
Research on multi-UAV autonomous obstacle avoidance algorithm integrating improved dynamic window approach and ORCA,"Chang, X., Wang, J., Li, K.",2025,Sci Rep 15,https://link.springer.com/article/10.1038/s41598-025-99111-8,springer,1,dynamic obstacle avoidance vehicles
Research on Path Planning and Tracking Control of Autonomous Vehicles Based on Improved RRT* and PSO-LQR,"Zhang, Y.; Gao, F.; Zhao, F.",2023,"Processes 2023, 11, 1841",https://www.mdpi.com/2227-9717/11/6/1841,google scholar,19,safe LQR RRT planning
Research on X-ray security contraband identification technology based on lightweight YOLOv8,"Fang, Y., Xu, C. & Zhang, Y. Research",2024,Sci Rep 14,https://link.springer.com/article/10.1038/s41598-024-75932-x,springer,1,CBF gain parameter tuning
Risk-Averse RRT* Planning with Nonlinear Steering and Tracking Controllers for Nonlinear Robotic Systems Under Uncertainty,Sleiman Safaoui; Benjamin J. Gravell; Venkatraman Renganathan; Tyler H. Summers,2021,2021 IEEE/RSJ International Conference on Intelligent Robots and Systems (IROS),https://ieeexplore.ieee.org/document/9636834,IEEE,17,safe LQR RRT planning
Risk-Averse RRT* Planning with Nonlinear Steering and Tracking Controllers for Nonlinear Robotic Systems Under Uncertainty,Sleiman Safaoui; Benjamin J. Gravell; Venkatraman Renganathan; Tyler H. Summers,2021,2021 IEEE/RSJ International Conference on Intelligent Robots and Systems (IROS),https://ieeexplore.ieee.org/abstract/document/9636834,google scholar,29,safe LQR RRT planning
RL-RRT: Kinodynamic Motion Planning via Learning Reachability Estimators From RL Policies,Hao-Tien Lewis Chiang; Jasmine Hsu; Marek Fiser; Lydia Tapia; Aleksandra Faust,2019,"IEEE Robotics and Automation Letters ( Volume: 4, Issue: 4, October 2019) ",https://ieeexplore.ieee.org/abstract/document/8772207,google scholar,197,kinodynamic RRT autonomous vehicles
"Robot motion planning: methods, challenges, and future directions","Gurve, V., Mahajan, S. & Wagle, S.A.",2025,Int J Intell Robot Appl,https://link.springer.com/article/10.1007/s41315-025-00455-1,springer,0,probabilistic safe motion planning
Robotic manipulation planning using dynamic RRT,Hao Deng; Zeyang Xia; Jing Xiong,2016,2016 IEEE International Conference on Real-time Computing and Robotics (RCAR),https://ieeexplore.ieee.org/document/7784080,IEEE,9,RRT replanning moving obstacles
Robust AI Driving Strategy for Autonomous Vehicles,"Nageshrao, S. et al.",2022,Lecture Notes in Intelligent Transportation and Infrastructure.,https://link.springer.com/chapter/10.1007/978-3-031-06780-8_7,springer,4,CBF QP autonomous driving
Robust Gain-scheduling Control of Dynamic Lateral Obstacle Avoidance for Connected and Automated Vehicles.,"Nie, Z., Li, Z., Wang, W.",2023, International Journal of Automotive Technology,https://link.springer.com/article/10.1007/s12239-023-0007-8,springer,2,dynamic obstacle avoidance vehicles
Robust Vision-based Obstacle Avoidance for Micro Aerial Vehicles in Dynamic Environments,Jiahao Lin; Hai Zhu; Javier Alonso-Mora,2020,2020 IEEE International Conference on Robotics and Automation (ICRA),https://ieeexplore.ieee.org/abstract/document/9197481,google scholar,62,dynamic obstacle avoidance vehicles
Robust-RRT: Probabilistically-Complete Motion Planning for Uncertain Nonlinear Systems,"Wu, A., Lew, T., Solovey, K., Schmerling, E., Pavone, M.",2023,"Robotics Research. ISRR 2022. Springer Proceedings in Advanced Robotics, vol 27. Springer",https://link.springer.com/chapter/10.1007/978-3-031-25555-7_36#Abs1,springer,9,safe LQR RRT planning
RRT-CBF Based Motion Planning,"Leonas Liu, Yingfan Zhang, Larry Zhang, Mehbi Kermanshabi",2024,preprint arXiv:2410.00343,https://doi.org/10.48550/arXiv.2410.00343,google scholar,2,safe LQR RRT planning
RRTX: Asymptotically optimal single-query sampling-based motion planning with quick replanning,Michael Otte ottemw@mit.edu and Emilio Frazzoli,2015,The International Journal of Robotics Research,https://doi.org/10.1177/0278364915594679,google scholar,284,RRT replanning moving obstacles
RRTX: Real-Time Motion Planning/Replanning for Environments with Unpredictable Obstacles,"Otte, M., Frazzoli, E.",2015,"Springer Tracts in Advanced Robotics ((STAR,volume 107)) ",https://link.springer.com/chapter/10.1007/978-3-319-16595-0_27,google scholar,153,RRT replanning moving obstacles
Rule-Based Safety-Critical Control Design using Control Barrier Functions with Application to Autonomous Lane Change,Suiyi He; Jun Zeng; Bike Zhang; Koushil Sreenath,2021,2021 American Control Conference (ACC),https://ieeexplore.ieee.org/abstract/document/9482848,google scholar,86,CBF QP autonomous driving
Rule-Based Safety-Critical Control Design using Control Barrier Functions with Application to Autonomous Lane Change,Suiyi He; Jun Zeng; Bike Zhang; Koushil Sreenath,2021,2021 American Control Conference (ACC),https://ieeexplore.ieee.org/abstract/document/9482848,google scholar,86,control barrier function autonomous
Safe adaptive control for multi-agent systems under uncertain dynamic environments: a robust barrier-certified learning approach,"Dey, S., Xu, H.",2024,Neural Comput & Applic (2024),https://link.springer.com/article/10.1007/s00521-024-10639-8,springer,0,CBF QP autonomous driving
Safe and Dynamically-Feasible Motion Planning using Control Lyapunov and Barrier Functions,"Pol Mestres, Carlos Nieto-Granda, Jorge Cortés",2025,arXiv preprint arXiv:2410.08364.,https://arxiv.org/abs/2410.08364,google scholar,1,time varying CBF planning
Safe and Stable RL (S2RL) Driving Policies Using Control Barrier and Control Lyapunov Functions,Briti Gangopadhyay; Pallab Dasgupta; Soumyajit Dey,2022,"IEEE Transactions on Intelligent Vehicles ( Volume: 8, Issue: 2, February 2023) ",https://ieeexplore.ieee.org/document/9737420,IEEE,18,CBF QP autonomous driving
Safe and stable teleoperation of quadrotor UAVs under haptic shared autonomy,"Zhang, D., Tron, R.",2025," Auton Robot 49, 4",https://link.springer.com/article/10.1007/s10514-024-10186-0,springer,1,CBF gain parameter tuning
Safe and Uncertainty-Aware Robotic Motion Planning Techniques for Agile On-Orbit Assembly,"Bryce Doerr, Keenan Albee, Monica Ekal, Richard Linares, Rodrigo Ventura",2021,arXiv preprint arXiv:2102.10348,https://doi.org/10.48550/arXiv.2102.10348,google scholar,6,safe LQR RRT planning
Safe Autonomous Multi-vehicle Navigation Using Path Following Control and Spline-Based Barrier Functions,"Reis, M.F., Andrade, G.A., Aguiar, A.P.",2024,"ROBOT 2023. Lecture Notes in Networks and Systems, vol 976. Springer",https://link.springer.com/chapter/10.1007/978-3-031-58676-7_24,springer,5,CBF QP autonomous driving
Safe Autonomous Multi-vehicle Navigation Using Path Following Control and Spline-Based Barrier Functions,"Reis, M.F., Andrade, G.A., Aguiar, A.P.",2024,"Robot 2023: Sixth Iberian Robotics Conference. ROBOT 2023. Lecture Notes in Networks and Systems, vol 976. Springer, Cham.",https://link.springer.com/chapter/10.1007/978-3-031-58676-7_24,springer,5,control barrier function autonomous
Safe Autonomy with Control Barrier Functions," Wei Xiao , Christos G. Cassandras , Calin Belta",2023,Book,https://link.springer.com/book/10.1007/978-3-031-27576-0,google scholar,57,control barrier function autonomous
Safe Control Framework of Multi-Agent Systems From a Performance Enhancement Perspective,Boqian Li; Shengbo Wang; Zhenyuan Guo; Song Zhu; Junjian Huang; Junwei Sun,2024,IEEE Transactions on Automation Science and Engineering ( Volume: 22) ,https://ieeexplore.ieee.org/document/10702355,IEEE,1,CBF gain parameter tuning
Safe Feedback Motion Planning in Unknown Environments: An Instantaneous Local Control Barrier Function Approach,"Li, C., Zhang, Z., Ahmed, N. et al.",2023,"J Intell Robot Syst 109, 40",https://link.springer.com/article/10.1007/s10846-023-01962-8,springer,0,safe LQR RRT planning
Safe Feedback Motion Planning in Unknown Environments: An Instantaneous Local Control Barrier Function Approach,"Li, C., Zhang, Z., Ahmed, N. et al.",2023," J Intell Robot Syst 109, 40",https://link.springer.com/article/10.1007/s10846-023-01962-8,springer,0,time varying CBF planning
Safe Learning Algorithms for Intelligent Autonomous-Driving Systems,Luigi Berducci,2023,,https://static1.squarespace.com/static/559921a3e4b02c1d7480f8f4/t/6784780a3001ac73b2eb1509/1736734731021/Berducci_Luigi.pdf,google scholar,0,CBF QP autonomous driving
Safe Motion Planning Against Multimodal Distributions Based on a Scenario Approach,Heejin Ahn; Colin Chen; Ian M. Mitchell; Maryam Kamgarpour,2021,IEEE Control Systems Letters ( Volume: 6) ,https://ieeexplore.ieee.org/abstract/document/9455144,google scholar,18,probabilistic safe motion planning
Safe Motion Planning and Control for Mobile Robots: A Survey,"Hwang, S., Jang, I., Kim, D. et al.",2024,"Int. J. Control Autom. Syst. 22, 2955–2969",https://link.springer.com/article/10.1007/s12555-024-0784-5,springer,1,probabilistic safe motion planning
Safe Motion Planning and Control for Mobile Robots: A Survey,"Hwang, S., Jang, I., Kim, D. et al.",2024,"Int. J. Control Autom. Syst. 22, 2955–2969",https://link.springer.com/article/10.1007/s12555-024-0784-5,springer,1,time varying CBF planning
"Safe motion planning for a robot in a dynamic, uncertain environment",R. Sharma,1991,Proceedings. 1991 IEEE International Conference on Robotics and Automation,https://ieeexplore.ieee.org/document/131617,IEEE,5,probabilistic safe motion planning
Safe motion planning in dynamic environments,S. Petti; T. Fraichard,2005,2005 IEEE/RSJ International Conference on Intelligent Robots and Systems,https://ieeexplore.ieee.org/abstract/document/1545549,google scholar,359,probabilistic safe motion planning
Safe Navigation of Autonomous Underwater Vehicles Using Physics-Informed Neural Networks,Rudrashis Majumder; Rajini Makam; Pruthviraj Mane; Bharathwaj K S; Suresh Sundaram,2024,OCEANS 2024 - Singapore,https://ieeexplore.ieee.org/document/10682406,IEEE,2,CBF QP autonomous driving
Safe Navigation on Path-Following Tasks: A Study of MPC-based Collision Avoidance Schemes in Distributed Robot Systems,"C. Vangasse, A., J. R. Freitas, E., V. Raffo, G. et al.",2024," J Intell Robot Syst 110, 166",https://link.springer.com/article/10.1007/s10846-024-02202-3,springer,2,time varying CBF planning
Safe Path Planning Based on Probabilistic Foam for a Lower Limb Active Orthosis to Overcoming an Obstacle,Luis B.P. Nascimento; Kassio J.S. Eugenio; Daniel H.S. Fernandes; Pablo J. Alsina; Marcio V. Araujo; Diego S. Pereira,2018,"2018 Latin American Robotic Symposium, 2018 Brazilian Symposium on Robotics (SBR) and 2018 Workshop on Robotics in Education (WRE)",https://ieeexplore.ieee.org/document/8588586,IEEE,3,probabilistic safe motion planning
Safe Planning for Self-Driving Via Adaptive Constrained ILQR,Yanjun Pan; Qin Lin; Het Shah; John M. Dolan,2020,2020 IEEE/RSJ International Conference on Intelligent Robots and Systems (IROS),https://ieeexplore.ieee.org/abstract/document/9340886,google scholar,40,safe LQR RRT planning
Safe Reinforcement Learning for Autonomous Driving by Using Disturbance-Observer-Based Control Barrier Functions,Zhengyu Hou; Wenjun Liu; Alois Knoll,2024,IEEE Transactions on Intelligent Vehicles ( Early Access ),https://ieeexplore.ieee.org/abstract/document/10684598,google scholar,3,CBF QP autonomous driving
Safe Reinforcement Learning-based Driving Policy Design for Autonomous Vehicles on Highways,"Nguyen, H.D., Han, K.",2023,"Int. J. Control Autom. Syst. 21, 4098–4110",https://link.springer.com/article/10.1007/s12555-023-0255-4,springer,11,safe LQR steering vehicles
Safe Stabilizing Control for Polygonal Robots in Dynamic Elliptical Environments,Kehan Long; Khoa Tran; Melvin Leok; Nikolay Atanasov,2024,2024 American Control Conference (ACC),https://ieeexplore.ieee.org/document/10644481,IEEE,0,time varying CBF planning
Safe Trajectory Path Planning Algorithm Based on RRT* While Maintaining Moderate Margin From Obstacles,"Lim, S., Jin, S.",2023,"Int. J. Control Autom. Syst. 21, 3540–3550",https://link.springer.com/article/10.1007/s12555-023-0383-x,springer,10,kinodynamic RRT autonomous vehicles
Safety controller based on control barrier functions using quasi-saturation function,"Ueki, S., Ikeda, T. & Yamada, H.",2023,"Artif Life Robotics 28, 789–796",https://link.springer.com/article/10.1007/s10015-023-00899-3,springer,1,control barrier function autonomous
Safety Controller Synthesis for Automated Vehicles Systems with Input Saturation,Mengting Zhang; Dianfeng Zhang; Guangru Shao,2024,2024 36th Chinese Control and Decision Conference (CCDC),https://ieeexplore.ieee.org/document/10587436,IEEE,0,CBF QP autonomous driving
Safety for Time-Varying Parameterized Sets Using Control Barrier Function Methods,"James Usevitch, Jackson Sahleen",2025,arXiv preprint arXiv:2503.12003.,https://doi.org/10.48550/arXiv.2503.12003,google scholar,0,time varying CBF planning
Safety research on stabilization of autonomous vehicles based on improved-LQR control,Hao Li; Peiqing Li ;Likang Yang; Jun Zou; Qipeng Li,2022,"AIP Advances 12, 015313 (2022)",https://doi.org/10.1063/5.0078950,google scholar,25,safe LQR steering vehicles
Safety-Certified Distributed Formation Control of Networked Autonomous Surface Vehicles by Unifying Control Lyapunov and Control Barrier Functions,"Cong, S., Gu, N., Wang, H. et al.",2025,"J Syst Sci Complex 38, 837–856",https://link.springer.com/article/10.1007/s11424-025-4494-8,springer,0,CBF QP autonomous driving
Safety-Certified Distributed Formation Control of Networked Autonomous Surface Vehicles by Unifying Control Lyapunov and Control Barrier Functions,"Cong, S., Gu, N., Wang, H. et al.",2025,"J Syst Sci Complex 38, 837–856",https://link.springer.com/article/10.1007/s11424-025-4494-8,springer,0,control barrier function autonomous
Safety-Certified Target-Reaching of Autonomous Surface Vehicles Based on Optimal Heading Control Barrier Functions,"Yang, K., Liu, L., Xu, Y., Ning, J., Wang, A., Wang, D.",2025,"ICONIP 2024. Communications in Computer and Information Science, vol 2282",https://link.springer.com/chapter/10.1007/978-981-96-6948-6_26,springer,0,CBF QP autonomous driving
Safety-critical control for autonomous systems: Control barrier functions via reduced-order models,Max H. Cohen and Tamas G. Molnar and Aaron D. Ames,2024,Annual Reviews in Control,https://doi.org/10.1016/j.arcontrol.2024.100947,google scholar,47,control barrier function autonomous
Safety-Critical Control With Nonaffine Control Inputs Via a Relaxed Control Barrier Function for an Autonomous Vehicle,Joohwan Seo; Joonho Lee; Eunkyu Baek; Roberto Horowitz; Jongeun Choi,2022,"IEEE Robotics and Automation Letters ( Volume: 7, Issue: 2, April 2022) ",https://ieeexplore.ieee.org/abstract/document/9681339,google scholar,52,CBF QP autonomous driving
Safety-Critical Control With Nonaffine Control Inputs Via a Relaxed Control Barrier Function for an Autonomous Vehicle,Joohwan Seo; Joonho Lee; Eunkyu Baek; Roberto Horowitz; Jongeun Choi,2022,"IEEE Robotics and Automation Letters ( Volume: 7, Issue: 2, April 2022) ",https://ieeexplore.ieee.org/abstract/document/9681339,google scholar,52,control barrier function autonomous
Safety-Critical Generalized Predictive Control for Speed Regulation of PMSM Drives Based on Dynamic Robust Control Barrier Function,Zhongkun Cao; Jianliang Mao; Chuanlin Zhang; Chenggang Cui; Jun Yang,2025,"IEEE Transactions on Industrial Electronics ( Volume: 72, Issue: 2, February 2025) ",https://ieeexplore.ieee.org/abstract/document/10601510,google scholar,7,CBF gain parameter tuning
Safety-Critical Lane Change Control of Autonomous Vehicles on Curved Roads Based on Control Barrier Functions,Zehua Shi; Haoji Liu; Ziyi Liu; Tingting Li; Zhe Shi; Weichao Zhuang,2023,2023 IEEE International Automated Vehicle Validation Conference (IAVVC),https://ieeexplore.ieee.org/document/10328105,IEEE,0,CBF QP autonomous driving
Safety-Critical Optimal Control for Autonomous Systems,"Panja, P.",2024,Journal of Systems Science and Complexity,https://link.springer.com/article/10.1007/s11424-021-1230-x,google scholar,11,CBF QP autonomous driving
Safety-Critical Path Planning of Autonomous Surface Vehicles Based on Rapidly-Exploring Random Tree Algorithm and High Order Control Barrier Functions,Yihe Li; Zhouhua Peng; Lu Liu; Haoliang Wang; Nan Gu; Anqing Wang,2023,"2023 8th International Conference on Automation, Control and Robotics Engineering (CACRE)",https://ieeexplore.ieee.org/document/10208636,IEEE,1,control barrier function autonomous
Safety-Critical Trajectory Generation and Tracking Control of Autonomous Underwater Vehicles,Chenggang Wang; Wenbin Yu; Shanying Zhu; Lei Song; Xinping Guan,2023,"IEEE Journal of Oceanic Engineering ( Volume: 48, Issue: 1, January 2023) ",https://ieeexplore.ieee.org/document/9864319,IEEE,12,CBF QP autonomous driving
Sampling-efficient path planning and improved actor-critic-based obstacle avoidance for autonomous robots,"Yang, Y., Huang, T., Wang, T. et al.",2024,"Sci. China Inf. Sci. 67, 152204",https://link.springer.com/article/10.1007/s11432-022-3904-9,springer,5,kinodynamic RRT autonomous vehicles
Security and Safety-Critical Learning-Based Collaborative Control for Multiagent Systems,Bing Yan; Peng Shi; Chee Peng Lim; Yuan Sun; Ramesh K. Agarwal,2025,"IEEE Transactions on Neural Networks and Learning Systems ( Volume: 36, Issue: 2, February 2025) ",https://ieeexplore.ieee.org/document/10414996,IEEE,11,CBF QP autonomous driving
Should the Desired Heading in Path Following of Autonomous Vehicles be the Tangent Direction of the Desired Path?,Chuan Hu; Rongrong Wang; Fengjun Yan; Nan Chen,2015,"IEEE Transactions on Intelligent Transportation Systems ( Volume: 16, Issue: 6, December 2015) ",https://ieeexplore.ieee.org/document/7120090,IEEE,124,safe LQR steering vehicles
Smooth-RRT*: Asymptotically Optimal Motion Planning for Mobile Robots under Kinodynamic Constraints,Yiting Kang; Zhi Yang; Riya Zeng; Qi Wu,2021,2021 IEEE International Conference on Robotics and Automation (ICRA),https://ieeexplore.ieee.org/document/9560804,IEEE,7,kinodynamic RRT autonomous vehicles
Speed-Varying Path Tracking Based on Model Predictive Control for Autonomous Vehicles,"Tang, S., Li, J. & Zhou, W.",2024,"Int.J Automot. Technol. 25, 399–411",https://link.springer.com/article/10.1007/s12239-024-00033-7,springer,5,safe LQR steering vehicles
SRIL: Selective Regularization for Class-Incremental Learning,"Han, J., Na, J., Hwang, W.",2024,"Lecture Notes in Computer Science, vol 15479",https://link.springer.com/chapter/10.1007/978-981-96-0966-6_21,springer,0,CBF gain parameter tuning
Stability Control of Autonomous Ground Vehicles Using Control-Dependent Barrier Functions,Yiwen Huang; Sze Zheng Yong; Yan Chen,2021,"IEEE Transactions on Intelligent Vehicles ( Volume: 6, Issue: 4, December 2021) ",https://ieeexplore.ieee.org/document/9351650,IEEE,40,control barrier function autonomous
Stability Control of Autonomous Ground Vehicles Using Control-Dependent Barrier Functions,Yiwen Huang; Sze Zheng Yong; Yan Chen,2021,"IEEE Transactions on Intelligent Vehicles ( Volume: 6, Issue: 4, December 2021) ",https://ieeexplore.ieee.org/abstract/document/9351650,google scholar,59,control barrier function autonomous
Stack-RRT*: A Random Tree Expansion Algorithm for Smooth Path Planning,"Liao, B., Hua, Y., Wan, F. et al.",2023,"Int. J. Control Autom. Syst. 21, 993–1004",https://link.springer.com/article/10.1007/s12555-021-0440-2,springer,19,kinodynamic RRT autonomous vehicles
Static and Dynamic Obstacle Avoidance in Miniature Air Vehicles,"Jeffery Saunders, Brandon Call, Andrew Curtis, Randal Beard and Tim McLain",2012,Infotech@ Aerospace,https://doi.org/10.2514/6.2005-6950,google scholar,129,dynamic obstacle avoidance vehicles
Survey Paper on Control Barrier Functions,Promit Panja,2024,arXiv preprint arXiv:2408.13271.,https://doi.org/10.48550/arXiv.2408.13271,google scholar,0,CBF QP autonomous driving
Switched LQR/H∞ steering vehicle control to detect critical driving situations,Lghani Menhour and Ali Charara and Daniel Lechner,2014,Control Engineering Practice,https://doi.org/10.1016/j.conengprac.2013.11.007,google scholar,27,safe LQR steering vehicles
T⋆-Lite: A Fast Time-Risk Optimal Motion Planning Algorithm for Multi-Speed Autonomous Vehicles,James P. Wilson; Zongyuan Shen; Shalabh Gupta; Thomas A. Wettergren,2020,Global Oceans 2020: Singapore – U.S. Gulf Coast,https://ieeexplore.ieee.org/document/9389426,IEEE,4,kinodynamic RRT autonomous vehicles
Temporal Logic Motion Planning and Control With Probabilistic Satisfaction Guarantees,Morteza Lahijanian; Sean B. Andersson; Calin Belta,2012,"IEEE Transactions on Robotics ( Volume: 28, Issue: 2, April 2012) ",https://ieeexplore.ieee.org/document/6085615,IEEE,98,probabilistic safe motion planning
Time-varying Control Barrier Function for Safe and Precise Landing of a UAV on a Moving Target,Viswa Narayanan Sankaranarayanan; Akshit Saradagi; Sumeet Satpute; George Nikolakopoulos,2024,2024 IEEE/RSJ International Conference on Intelligent Robots and Systems (IROS),https://ieeexplore.ieee.org/abstract/document/10802827,google scholar,1,time varying CBF planning
Time-Varying Soft-Maximum Control Barrier Functions for Safety in an A Priori Unknown Environment,Amirsaeid Safari; Jesse B. Hoagg,2024,2024 American Control Conference (ACC),https://ieeexplore.ieee.org/abstract/document/10644256,google scholar,11,time varying CBF planning
Topology-Aware Efficient Path Planning in Dynamic Environments,"Haoning Zhao, Jiamin Guo, Chaoqun Wang, Xuewen Rong, Yibin Li",2024,"Machines, Vol 13, Iss 1, p 14 (2024)",https://www.mdpi.com/journal/machines,google scholar,0,dynamic obstacle avoidance vehicles
Train Safety Control Based on Deep Deterministic Policy Gradient with Control Barrier Function,Guoteng Wang; Jidong Lv; Hongjie Liu; Ming Chai; Tao Tang; Wentao Zhang,2024,"2024 International Conference on Networking, Sensing and Control (ICNSC)",https://ieeexplore.ieee.org/document/10760112,IEEE,0,control barrier function autonomous
Trajectory Planning and Tracking Using Decoupled CBF-QPs for Safe Navigation of Quadrotors,"Sufyan Hafeez Khan, Azad Ghaffari",2025,"Journal of Dynamic Systems, Measurement, and Control",https://doi.org/10.1115/1.4065647,google scholar,0,CBF QP autonomous driving
Trajectory Planning of Fixed-wing UAV Using Kinodynamic RRT Algorithm,Jiahao Ge; Li Liu; Xinxin Dong; Weiyong Tian,2020,2020 10th International Conference on Information Science and Technology (ICIST),https://ieeexplore.ieee.org/document/9202213,IEEE,5,kinodynamic RRT autonomous vehicles
Trajectory planning strategy for obstacle avoidance based on D-APF,"Weng, X., Liu, F., Mai, J.",2025,Journal of the Brazilian Society of Mechanical Sciences and Engineering,https://link.springer.com/article/10.1007/s40430-025-05393-4,springer,2,dynamic obstacle avoidance vehicles
Trajectory tracking strategy for four-wheel steering vehicles based on MPC and EKF optimization,"Zhan, W., Du, Q., Liu, K. et al.",2025,Optim Eng,https://link.springer.com/article/10.1007/s11081-024-09948-7,springer,0,safe LQR steering vehicles
Trust-Aware Safe Control for Autonomous Navigation: Estimation of System-to-Human Trust for Trust-Adaptive Control Barrier Functions,Saad Ejaz; Masaki Inoue,2024,"IEEE Transactions on Control Systems Technology ( Volume: 33, Issue: 4, July 2025) ",https://ieeexplore.ieee.org/document/10737454,IEEE,1,control barrier function autonomous
Tumato 2.0 - a constraint-based planning approach for safe and robust robot behavior,"Vermaelen, J., Holvoet, T.",2024,Ann Math Artif Intell,https://link.springer.com/article/10.1007/s10472-024-09949-3,springer,2,probabilistic safe motion planning
Unified Barrier Function Based Approach for Practical Fixed-Time Control of State-Constrained Nonlinear System,"Geng, F., Dong, Y. & Hong, Y.",2025," J Syst Sci Complex 38, 782–804",https://link.springer.com/article/10.1007/s11424-025-4487-7,springer,0,control barrier function autonomous
Unified Multirate Control: From Low-Level Actuation to High-Level Planning,Ugo Rosolia; Andrew Singletary; Aaron D. Ames,2022,"IEEE Transactions on Automatic Control ( Volume: 67, Issue: 12, December 2022) ",https://ieeexplore.ieee.org/document/9802791,IEEE,23,time varying CBF planning
Vehicle Motion Planning and Control at the Limits of Handling for Autonomous Driving on Racetrack Environments,"Kim, C., Jun, M., Kim, J. et al.",2025,"Int. J. Control Autom. Syst. 23, 1613–1629",https://link.springer.com/article/10.1007/s12555-024-0645-2,springer,0,probabilistic safe motion planning
Vehicle Stability Analysis under Extreme Operating Conditions Based on LQR Control,"Wu, L.; Zhou, R.; Bao, J.; Yang, G.; Sun, F.; Xu, F.; Jin, J.; Zhang, Q.; Jiang, W.; Zhang, X. ",2022,Sensing and Control Technology for Intelligent Machine,https://doi.org/10.3390/s22249791,google scholar,19,safe LQR steering vehicles
Vibration Control of Active Vehicle Suspension System Using Fuzzy Logic Algorithm,Essam Allam; Hesham Fath Elbab; Magdy Abdel Hady; Shawki Abouel-Seoud,2010,"Fuzzy Information and Engineering ( Volume: 2, Issue: 4, December 2010) ",https://ieeexplore.ieee.org/document/10474468,IEEE,1,safe LQR steering vehicles
Whole-body Dynamic Collision Avoidance with Time-varying Control Barrier Functions,Jihao Huang; Xuemin Chi; Zhitao Liu; Hongye Su,2024,2024 36th Chinese Control and Decision Conference (CCDC),https://ieeexplore.ieee.org/abstract/document/10588112,google scholar,2,time varying CBF planning